{"cameraMode":{"drawMode":0,"name":"Shaded","section":"Shading Mode"},"sceneLighting":false,"audioPlay":false,"sceneViewState":{"showFog":true,"showMaterialUpdate":false,"showSkybox":false,"showFlares":true,"showImageEffects":true,"showParticleSystems":true,"showVisualEffectGraphs":true,"m_FxEnabled":true},"in2DMode":false,"pivot":{"x":-49.369998931884769,"y":13.279998779296875,"z":-41.02299880981445},"rotation":{"x":0.026434583589434625,"y":-0.8720385432243347,"z":0.48642072081565859,"w":0.047390975058078769},"size":0.2598074972629547,"orthographic":false}