{"cameraMode":{"drawMode":0,"name":"Shaded","section":"Shading Mode"},"sceneLighting":true,"audioPlay":false,"sceneViewState":{"showFog":true,"showMaterialUpdate":false,"showSkybox":true,"showFlares":true,"showImageEffects":true,"showParticleSystems":true,"showVisualEffectGraphs":true,"m_FxEnabled":true},"in2DMode":false,"pivot":{"x":-36.34699630737305,"y":2.2812204360961916,"z":-23.727420806884767},"rotation":{"x":0.0007392162224277854,"y":-0.9348415732383728,"z":0.35508275032043459,"w":0.0019564596004784109},"size":3.5527849197387697,"orthographic":false}