{"cameraMode":{"drawMode":0,"name":"Shaded","section":"Shading Mode"},"sceneLighting":false,"audioPlay":false,"sceneViewState":{"showFog":true,"showMaterialUpdate":false,"showSkybox":false,"showFlares":true,"showImageEffects":true,"showParticleSystems":true,"showVisualEffectGraphs":true,"m_FxEnabled":true},"in2DMode":false,"pivot":{"x":0.19157159328460694,"y":1.2918494939804078,"z":0.08066102862358093},"rotation":{"x":0.1714639663696289,"y":-0.3951566219329834,"z":0.07534036040306092,"w":0.8993189930915833},"size":1.8511571884155274,"orthographic":true}