{"cameraMode":{"drawMode":0,"name":"Shaded","section":"Shading Mode"},"sceneLighting":false,"audioPlay":false,"sceneViewState":{"showFog":true,"showMaterialUpdate":false,"showSkybox":false,"showFlares":true,"showImageEffects":true,"showParticleSystems":true,"showVisualEffectGraphs":true,"m_FxEnabled":true},"in2DMode":false,"pivot":{"x":3.1782829761505129,"y":1.2737257480621338,"z":1.0970590114593506},"rotation":{"x":0.026434583589434625,"y":-0.8720385432243347,"z":0.48642072081565859,"w":0.047390975058078769},"size":2.6429312229156496,"orthographic":false}