{"cameraMode":{"drawMode":0,"name":"Shaded","section":"Shading Mode"},"sceneLighting":false,"audioPlay":false,"sceneViewState":{"showFog":true,"showMaterialUpdate":false,"showSkybox":false,"showFlares":true,"showImageEffects":true,"showParticleSystems":true,"showVisualEffectGraphs":true,"m_FxEnabled":true},"in2DMode":false,"pivot":{"x":-3.748573362827301e-8,"y":0.00038786139339208603,"z":-4.0279701352119449e-8},"rotation":{"x":-0.04541290923953056,"y":-0.9186041951179504,"z":0.11076518893241883,"w":-0.3766329884529114},"size":0.01348476018756628,"orthographic":true}