{"cameraMode":{"drawMode":0,"name":"Shaded","section":"Shading Mode"},"sceneLighting":false,"audioPlay":false,"sceneViewState":{"showFog":true,"showMaterialUpdate":false,"showSkybox":false,"showFlares":true,"showImageEffects":true,"showParticleSystems":true,"showVisualEffectGraphs":true,"m_FxEnabled":true},"in2DMode":false,"pivot":{"x":0.4417586326599121,"y":1.4962258338928223,"z":0.9629694223403931},"rotation":{"x":0.14354045689105988,"y":-0.5605985522270203,"z":0.09940718859434128,"w":0.8094767928123474},"size":1.8511571884155274,"orthographic":false}