{"cameraMode":{"drawMode":0,"name":"Shaded","section":"Shading Mode"},"sceneLighting":true,"audioPlay":false,"sceneViewState":{"showFog":true,"showMaterialUpdate":false,"showSkybox":true,"showFlares":true,"showImageEffects":true,"showParticleSystems":true,"showVisualEffectGraphs":true,"m_FxEnabled":true},"in2DMode":false,"pivot":{"x":-36.10984802246094,"y":2.7561793327331545,"z":-24.237424850463868},"rotation":{"x":0.0034160425420850517,"y":0.996330201625824,"z":-0.07066795229911804,"w":0.04816095530986786},"size":1.882824420928955,"orthographic":false}