{"cameraMode":{"drawMode":0,"name":"Shaded","section":"Shading Mode"},"sceneLighting":true,"audioPlay":false,"sceneViewState":{"showFog":true,"showMaterialUpdate":false,"showSkybox":true,"showFlares":true,"showImageEffects":true,"showParticleSystems":true,"showVisualEffectGraphs":true,"m_FxEnabled":true},"in2DMode":false,"pivot":{"x":-37.98161697387695,"y":5.912027835845947,"z":-23.6511287689209},"rotation":{"x":0.026434583589434625,"y":-0.8720385432243347,"z":0.48642072081565859,"w":0.047390975058078769},"size":0.14043575525283814,"orthographic":false}